{
    "Version": "2012-10-17",
    "Statement": [
        {
            "Sid": "VisualEditor0",
            "Effect": "Allow",
            "Action": [
                "secretsmanager:GetSecretValue",
                "kms:Decrypt",
                "ssm:GetParameters"
            ],
            "Resource": [
                "arn:aws:ssm:*:${aws_account_id}:parameter/*",
                "arn:aws:secretsmanager:*:${aws_account_id}:secret:*",
                "arn:aws:kms:*:${aws_account_id}:key/*"
            ]
        }
    ]
}