{
    "Version": "2012-10-17",
    "Statement": [
      {
        "Sid": "DenyUnSecureCommunications",
        "Effect": "Deny",
        "Principal": "*",
        "Action": "s3:*",
        "Resource": [
          "arn:aws:s3:::${bucket_name}",
          "arn:aws:s3:::${bucket_name}/*"
        ],
        "Condition": {
          "Bool": {
            "aws:SecureTransport": "false"
          }
        }
      },
      {
        "Sid": "AWSLogDeliveryWrite",
        "Effect": "Allow",
        "Principal": {
          "Service": "delivery.logs.amazonaws.com"
        },
        "Action": "s3:PutObject",
        "Resource": "arn:aws:s3:::${bucket_name}/${prefix}/AWSLogs/${aws_account_id}/*",
        "Condition": {
          "StringEquals": {
            "s3:x-amz-acl": "bucket-owner-full-control"
          }
        }
      },
      {
        "Sid": "AWSLogDeliveryAclCheck",
        "Effect": "Allow",
        "Principal": {
          "Service": "delivery.logs.amazonaws.com"
        },
        "Action": "s3:GetBucketAcl",
        "Resource": "arn:aws:s3:::${bucket_name}"
      }
    ]
  }